Pb = 1.0, Pn = 0.8, Pr = 0.2, 

MeanDegree, ClusteringCoef, CosineSimilarity
0.0,0.061224489795918366,0.0,0
1.1764705882352942,0.1323529411764706,0.5,1
1.3529411764705883,0.0821917808219178,0.21320071635561041,2
1.7843137254901962,0.1056338028169014,0.2581988897471611,3
2.3137254901960786,0.11271676300578035,0.43301270189221935,4
2.7450980392156863,0.11306532663316583,0.0,5
3.0392156862745097,0.11515151515151516,0.20412414523193154,6
3.450980392156863,0.16346153846153846,0.49613893835683387,7
3.8823529411764706,0.18904109589041096,0.5661385170722978,8
4.313725490196078,0.23229461756373937,0.7262730392025629,9
5.098039215686274,0.2553648068669528,0.4879500364742666,10
5.784313725490196,0.27395885599598596,0.8174238913695991,11
6.7254901960784315,0.2840909090909091,0.6060915267313265,12
7.117647058823529,0.29071332436069985,0.816496580927726,13
7.313725490196078,0.2866666666666667,0.0,14
7.490196078431373,0.2728500675371454,0.35355339059327373,15
7.470588235294118,0.2690288713910761,0.47809144373375745,16
7.803921568627451,0.2676809210526316,0.2886751345948129,17
8.137254901960784,0.3201393286890437,0.8685990362153793,18
9.07843137254902,0.314725697786333,0.26967994498529685,19
9.235294117647058,0.33542600896860986,0.7302967433402214,20
9.450980392156863,0.3382177033492823,0.6831300510639733,21
9.450980392156863,0.33070148800485877,0.3872983346207417,22
9.509803921568627,0.32654867256637166,0.7001400420140048,23
9.764705882352942,0.34785932721712537,0.735682938029248,24
10.627450980392156,0.3515914137675796,0.7462025072446364,25
10.803921568627452,0.35920959774170785,0.7372097807744857,26
11.254901960784315,0.3944805194805195,0.8710327732246504,27
12.058823529411764,0.3953442493588479,0.7144345083117604,28
12.176470588235293,0.3934899845916795,0.5533985905294664,29
12.490196078431373,0.39417293233082706,0.5976143046671968,30
12.411764705882353,0.4016594380539317,0.6902684899626333,31
12.529411764705882,0.4159919028340081,0.8671485497545911,32
13.431372549019608,0.44129201222173725,0.8366600265340756,33
14.549019607843137,0.4428711622038413,0.6446583712203042,34
14.568627450980392,0.43787900155126214,0.799502686333539,35
14.72549019607843,0.43351600807614654,0.3651483716701107,36
14.705882352941176,0.4399944759011186,0.8603090020146066,37
15.156862745098039,0.449531737773153,0.7759402897989853,38
15.686274509803921,0.4492603166363872,0.6227991553292184,39
15.882352941176471,0.45232732732732733,0.7431605356175384,40
16.0,0.4490254872563718,0.8295150620062532,41
16.15686274509804,0.4606355228835665,0.816496580927726,42
16.176470588235293,0.42260061919504643,0.5445811486371709,43
15.941176470588236,0.42042475091767173,0.7807200583588266,44
15.901960784313726,0.41762604208019055,0.6396021490668313,45
15.588235294117647,0.3989920201595968,0.7653837971759038,46
15.509803921568627,0.4019021739130435,0.7463904912524668,47
15.843137254901961,0.4044987647900143,0.769800358919501,48
16.333333333333332,0.4103019538188277,0.7190924955066748,49
16.54901960784314,0.4064219009850326,0.6735753140545634,50
16.372549019607842,0.40037669850665947,0.47140452079103173,51
15.941176470588236,0.4035668789808917,0.7902633289178096,52
16.568627450980394,0.41233920914721295,0.7637626158259733,53
17.15686274509804,0.4134887005649718,0.7669649888473704,54
17.03921568627451,0.4167364016736402,0.6210590034081188,55
16.764705882352942,0.416676810712112,0.6923076923076923,56
16.823529411764707,0.40708301599390706,0.502518907629606,57
16.41176470588235,0.3958038357574977,0.7156264473321344,58
16.50980392156863,0.39928471069102056,0.8043996665398437,59
16.607843137254903,0.39788911495422175,0.7559289460184544,60
16.529411764705884,0.39439655172413796,0.7926290870042667,61
16.392156862745097,0.3772336201191264,0.7627700713964739,62
16.333333333333332,0.383782422563586,0.8376105968386142,63
17.058823529411764,0.3873546511627907,0.7126966450997984,64
17.15686274509804,0.3966824644549763,0.6574382586514257,65
17.392156862745097,0.39915819010873377,0.6929348671835832,66
17.352941176470587,0.4077569340545517,0.8680790595108567,67
17.54901960784314,0.4060725460655928,0.7701540462154054,68
17.58823529411765,0.4138279932546374,0.7977240352174656,69
17.862745098039216,0.43061289298189903,0.8951435925492911,70
18.470588235294116,0.43086951950373253,0.6676978608895887,71
18.58823529411765,0.4339642262895175,0.8111071056538127,72
18.607843137254903,0.4279259896729776,0.6923076923076923,73
18.294117647058822,0.4349856703110073,0.7655318158241112,74
18.607843137254903,0.4373079287031346,0.8292884288627292,75
18.764705882352942,0.4279787234042553,0.7526178090063816,76
18.49019607843137,0.4288453344695356,0.77005354108682,77
18.58823529411765,0.43431382811682195,0.7825855808712296,78
18.49019607843137,0.4252823155355772,0.8426648406178138,79
18.313725490196077,0.42698343504795117,0.6885303726590963,80
18.058823529411764,0.4122085048010974,0.7905694150420948,81
17.941176470588236,0.4184428492545555,0.8190283593479221,82
18.15686274509804,0.4129251700680272,0.8,83
17.823529411764707,0.40781140042223785,0.7222222222222222,84
17.58823529411765,0.40596082201658457,0.7333333333333333,85
17.58823529411765,0.41574053073259243,0.6825236327899351,86
17.88235294117647,0.41504273504273503,0.563436169819011,87
17.58823529411765,0.40171456170007247,0.7298004491997617,88
17.50980392156863,0.4002680638479347,0.472455591261534,89
17.54901960784314,0.40106370119666385,0.6708203932499369,90
17.607843137254903,0.40152894066254097,0.7171371656006361,91
17.470588235294116,0.4080533770338289,0.816496580927726,92
17.80392156862745,0.4100595783684693,0.6831300510639733,93
18.07843137254902,0.4190236977175931,0.7833494518006403,94
18.313725490196077,0.4183028286189684,0.8429272304235246,95
18.274509803921568,0.4306787814003207,0.8629109946080097,96
18.49019607843137,0.4314306893995552,0.8086937042208112,97
18.568627450980394,0.4241721854304636,0.647150228929434,98
18.19607843137255,0.4206904332129964,0.5948118774794626,99
18.0,0.42194428652643545,0.6982972487551756,100
17.92156862745098,0.41901776384535006,0.8003267306650412,101
17.823529411764707,0.4165502793296089,0.6111111111111112,102
17.901960784313726,0.4231316336579494,0.8486684247915055,103
18.372549019607842,0.42921444646876006,0.7336739820667777,104
18.49019607843137,0.42934840567345633,0.7807200583588266,105
18.58823529411765,0.43095138306789604,0.8292279828967711,106
18.823529411764707,0.43973644196654843,0.8183170883849714,107
18.80392156862745,0.4259298618490967,0.7592566023652966,108
18.705882352941178,0.4347647842574562,0.782608695652174,109
18.862745098039216,0.43320174527321836,0.7319250547113999,110
19.0,0.4426229508196721,0.7800134951599099,111
19.41176470588235,0.443695479777954,0.799502686333539,112
19.235294117647058,0.4524878048780488,0.8852704127574261,113
19.431372549019606,0.4594825135058288,0.8236877675803729,114
19.686274509803923,0.46110904354298476,0.7735267838285931,115
19.80392156862745,0.4654982565608369,0.8406728074767075,116
19.80392156862745,0.46738338192419826,0.8773280079294956,117
19.901960784313726,0.4624415386083803,0.7826237921249264,118
19.313725490196077,0.4625059552167699,0.7893522173763263,119
19.431372549019606,0.4742647058823529,0.772048646977956,120
19.764705882352942,0.4785422947331087,0.779773029163932,121
20.19607843137255,0.4870915172827858,0.8763560920082657,122
20.41176470588235,0.49459876543209874,0.7262730392025629,123
20.431372549019606,0.489628681177977,0.6210590034081188,124
20.431372549019606,0.49462915601023016,0.8101627221513196,125
20.313725490196077,0.48408488063660476,0.7029594915666377,126
20.294117647058822,0.49542885638297873,0.8524367141602663,127
20.745098039215687,0.49080274646096467,0.5962847939999439,128
20.372549019607842,0.4851881505204163,0.8111071056538127,129
20.058823529411764,0.47737186477644494,0.7130240959073808,130
19.862745098039216,0.4713967310549777,0.6581451817144176,131
19.725490196078432,0.473986856516977,0.8001976040538967,132
20.058823529411764,0.47972617166929965,0.7807200583588266,133
20.392156862745097,0.4904528556944914,0.7341303483857976,134
20.705882352941178,0.4948376353039134,0.7819290527140305,135
20.96078431372549,0.49662244648815823,0.8040302522073697,136
21.176470588235293,0.49415801944603316,0.7635417155709333,137
21.313725490196077,0.49583432516067605,0.7855844048495726,138
21.529411764705884,0.49455107351984384,0.7205766921228921,139
21.50980392156863,0.4951795988182242,0.7675225788801975,140
21.84313725490196,0.5089895061275409,0.7782896421160245,141
22.254901960784313,0.4989723681205755,0.8581163303210331,142
22.137254901960784,0.49874686716791977,0.485071250072666,143
22.11764705882353,0.5,0.8374357893586237,144
22.294117647058822,0.5126976178553545,0.8485552916276634,145
22.84313725490196,0.5132837407013815,0.7619047619047619,146
22.84313725490196,0.5086660036937065,0.8017837257372732,147
22.84313725490196,0.5131774182152193,0.8033264176742436,148
22.764705882352942,0.5094749023578765,0.8695652173913043,149
22.470588235294116,0.5072196846913216,0.7506518906054691,150
22.352941176470587,0.5128800522458458,0.8620689655172413,151
22.54901960784314,0.5153112092294545,0.8275159265510557,152
22.745098039215687,0.5225048923679061,0.8625819491779428,153
22.686274509803923,0.5124446701980988,0.8376105968386142,154
22.84313725490196,0.5206983564072837,0.772048646977956,155
23.254901960784313,0.5144687887556841,0.8934271123648291,156
23.372549019607842,0.5170882669537137,0.7711356597650746,157
23.45098039215686,0.5024246257642843,0.5789473684210527,158
23.058823529411764,0.5023750443105282,0.8642416214502248,159
23.11764705882353,0.5137489790362102,0.9153857298880941,160
23.50980392156863,0.513136511375948,0.7572401854185358,161
23.647058823529413,0.5217051231912397,0.8824975032927699,162
24.19607843137255,0.5212101705825555,0.7694837640638656,163
24.176470588235293,0.5190311418685121,0.8071417672951359,164
24.19607843137255,0.5166580243712731,0.8033264176742436,165
24.07843137254902,0.5126282557221784,0.7443873683187767,166
24.058823529411764,0.5226839496759436,0.8422348876123157,167
24.58823529411765,0.531157089982404,0.847579379526013,168
25.137254901960784,0.5372711163614885,0.8320502943378437,169
25.431372549019606,0.5473112128146453,0.8581163303210331,170
25.84313725490196,0.5524270751210721,0.816496580927726,171
25.764705882352942,0.5487450913436913,0.8525735865191388,172
25.80392156862745,0.5488969752103707,0.9058216273156766,173
25.725490196078432,0.5397740644857614,0.7,174
25.352941176470587,0.5422177609825224,0.8846153846153846,175
25.45098039215686,0.5503621938599517,0.808290376865476,176
25.607843137254903,0.5449307414736352,0.613395615082148,177
25.529411764705884,0.5486649440137812,0.8432740427115678,178
25.49019607843137,0.5473150253629526,0.8365019125713041,179
25.666666666666668,0.5546017850036951,0.9130434782608695,180
25.764705882352942,0.5551376303641649,0.8559209850218258,181
25.686274509803923,0.5468074061256273,0.8178608201095308,182
25.49019607843137,0.5484730833864518,0.8709677419354839,183
25.705882352941178,0.5536568694463432,0.7661308776828738,184
25.764705882352942,0.5469244288224956,0.6599663291074443,185
25.392156862745097,0.5529123666258527,0.8814825547070535,186
25.352941176470587,0.544399476252827,0.830336491706037,187
25.176470588235293,0.5410512467858638,0.8365019125713041,188
25.254901960784313,0.5422522682796656,0.8235321051453478,189
25.431372549019606,0.5490836932415081,0.769800358919501,190
25.41176470588235,0.5478512098230408,0.8207826816681233,191
25.215686274509803,0.5517757681020543,0.7155417527999327,192
25.254901960784313,0.5517553384002896,0.7267220926874316,193
25.0,0.5535574667709148,0.808290376865476,194
24.92156862745098,0.5401207395296189,0.7863570994927848,195
24.45098039215686,0.5365129500947567,0.6454972243679028,196
24.470588235294116,0.5471247473819585,0.8102546544402055,197
24.88235294117647,0.5488072054527751,0.8406728074767075,198
25.019607843137255,0.552104447359008,0.7548513560963972,199
25.15686274509804,0.5478950213200409,0.816496580927726,200
25.019607843137255,0.5460032924821657,0.8006407690254357,201
24.84313725490196,0.539223010833022,0.6784005252999682,202
24.58823529411765,0.5375063355296503,0.7653837971759038,203
24.45098039215686,0.538563829787234,0.8017837257372732,204
24.372549019607842,0.5320264865928014,0.6726727939963124,205
24.019607843137255,0.5290991404763467,0.7302967433402214,206
23.980392156862745,0.5257935204048104,0.6923076923076923,207
24.019607843137255,0.5259089420242384,0.8236877675803729,208
24.15686274509804,0.5351115605840339,0.8784104611578831,209
24.54901960784314,0.5339958487955218,0.8086937042208112,210
24.568627450980394,0.5348939374921552,0.816496580927726,211
24.607843137254903,0.5370695053224797,0.782608695652174,212
24.725490196078432,0.5516711940474784,0.8451542547285166,213
25.333333333333332,0.5519873187342218,0.7844645405527362,214
25.431372549019606,0.5546013693860973,0.8629109946080097,215
25.529411764705884,0.560398293029872,0.8932596002688613,216
25.58823529411765,0.5518328969293026,0.8207826816681233,217
25.176470588235293,0.5533893757825076,0.816496580927726,218
25.058823529411764,0.5552952202436738,0.873326063219467,219
25.254901960784313,0.5589166373549068,0.9333333333333333,220
25.176470588235293,0.5592288130581348,0.9153857298880941,221
25.274509803921568,0.5614416745061148,0.8100925873009825,222
25.352941176470587,0.5614659313289451,0.635850784457874,223
25.058823529411764,0.5590664272890484,0.7637626158259733,224
25.254901960784313,0.567887130861941,0.8525735865191388,225
25.745098039215687,0.5636038323906268,0.7635417155709333,226
25.431372549019606,0.5535523027490182,0.746003846592251,227
25.235294117647058,0.5516973464021038,0.8001976040538967,228
25.215686274509803,0.5533841754051477,0.6697108225289158,229
25.176470588235293,0.5553244592346089,0.8315218406202999,230
24.980392156862745,0.553714493809177,0.8894991799933214,231
24.823529411764707,0.554170197312674,0.8263342440128466,232
24.941176470588236,0.5514692406377909,0.7150969419341943,233
24.88235294117647,0.5482847027225003,0.7735267838285931,234
24.745098039215687,0.5397943284512309,0.6825001477017446,235
24.764705882352942,0.5459010429299054,0.8427009716003845,236
24.862745098039216,0.5385460538362937,0.8432740427115678,237
24.823529411764707,0.5352941176470588,0.8970852271450606,238
24.901960784313726,0.5323153630414459,0.6556100681071858,239
24.58823529411765,0.5290535397107333,0.9130434782608695,240
24.313725490196077,0.5235328297501453,0.8453639444116163,241
24.176470588235293,0.5167207469703993,0.8104432008587534,242
23.96078431372549,0.5125537056928035,0.6668859288553503,243
23.862745098039216,0.5185282178866046,0.772048646977956,244
24.019607843137255,0.5119247564662411,0.8,245
23.84313725490196,0.5121558092679651,0.7909115788387002,246
23.705882352941178,0.5086201022146508,0.7916666666666666,247
23.607843137254903,0.5081325921350628,0.8645299348672512,248
23.725490196078432,0.5094802891829219,0.7585826061362604,249
23.784313725490197,0.5214248502214118,0.8280786712108251,250
24.11764705882353,0.5156406322950711,0.6527533657682196,251
23.84313725490196,0.5147690655209453,0.8236877675803729,252
23.84313725490196,0.5066666666666667,0.7777777777777778,253
23.50980392156863,0.4959045332580144,0.7280252083092641,254
23.235294117647058,0.49840798132031416,0.7923547734168841,255
23.254901960784313,0.5040083652840711,0.8728715609439694,256
23.313725490196077,0.4989746128279471,0.8086937042208112,257
23.333333333333332,0.5035582318324894,0.8071417672951359,258
23.529411764705884,0.5007217983089297,0.7937253933193772,259
23.431372549019606,0.493006993006993,0.7699188535494523,260
23.235294117647058,0.5006252605252188,0.75,261
23.50980392156863,0.5029731392249334,0.8399210511316161,262
23.607843137254903,0.5015006630836881,0.8858795678282981,263
23.333333333333332,0.4975516286991697,0.7909115788387002,264
23.235294117647058,0.49549293775285685,0.889108448948774,265
23.11764705882353,0.4932422717469446,0.7205766921228921,266
23.0,0.4946412094541841,0.8625819491779428,267
23.352941176470587,0.49547894885560895,0.7071067811865476,268
23.274509803921568,0.4940750727311431,0.782608695652174,269
23.333333333333332,0.4921693939181122,0.8181818181818182,270
23.431372549019606,0.5004452969788312,0.7484551991837488,271
23.686274509803923,0.5024069428435827,0.7826237921249264,272
23.705882352941178,0.49862410566868465,0.6363636363636364,273
23.49019607843137,0.49408765842951213,0.7050239879106326,274
23.392156862745097,0.4924676426904307,0.7882407813680822,275
23.254901960784313,0.49094021971750607,0.7926290870042667,276
23.098039215686274,0.5011258091753448,0.8693182879212227,277
23.274509803921568,0.49781283614198635,0.6882472016116852,278
22.941176470588236,0.4895192948670469,0.5716619504750294,279
22.745098039215687,0.49975115535015996,0.9191450300180578,280
23.254901960784313,0.501669449081803,0.755742181606458,281
23.372549019607842,0.5051301216280492,0.7348469228349535,282
23.725490196078432,0.5091761827079935,0.7905694150420948,283
23.54901960784314,0.5112216099986561,0.8004448151580841,284
23.647058823529413,0.5132399275993833,0.9124211282466754,285
23.80392156862745,0.5219009073699328,0.8814825547070535,286
23.941176470588236,0.5245260895055697,0.8333333333333334,287
23.92156862745098,0.5229919084270772,0.8280786712108251,288
23.823529411764707,0.511400873839432,0.8346223261119858,289
23.50980392156863,0.5097117577935992,0.6674238124719146,290
23.235294117647058,0.5099102858335072,0.772048646977956,291
23.41176470588235,0.5164118246687054,0.8703882797784892,292
23.58823529411765,0.5223079503522308,0.8178608201095308,293
23.764705882352942,0.5234126984126984,0.6419407387663694,294
23.980392156862745,0.523432865335179,0.7156264473321344,295
24.098039215686274,0.5246901436159748,0.7894736842105263,296
23.96078431372549,0.5240627492688115,0.8374357893586237,297
23.764705882352942,0.5199541593636241,0.7653837971759038,298
23.647058823529413,0.5226966594827587,0.8170594879790282,299
23.627450980392158,0.5190896739130435,0.7235680511449364,300
23.49019607843137,0.5169105137801974,0.7407407407407407,301
23.686274509803923,0.5182893663312483,0.8111071056538127,302
23.50980392156863,0.5129609093429442,0.7112867591590193,303
23.41176470588235,0.5183554592251423,0.7655318158241112,304
23.607843137254903,0.5159432215593499,0.6666666666666666,305
23.352941176470587,0.5075412635173592,0.7825855808712296,306
23.15686274509804,0.5057692307692307,0.7570332986102252,307
23.137254901960784,0.5084098939929329,0.7715167498104595,308
23.15686274509804,0.5075779036827196,0.8295150620062532,309
23.215686274509803,0.5024989290304155,0.6515837655350015,310
23.03921568627451,0.5099374565670605,0.8625819491779428,311
23.313725490196077,0.5051085568326947,0.7431605356175384,312
23.254901960784313,0.5108643825352497,0.8193464903987027,313
23.607843137254903,0.5161890831726614,0.8214285714285714,314
23.823529411764707,0.5198627425102283,0.7769677791040541,315
23.764705882352942,0.5157287544436246,0.8524367141602663,316
23.862745098039216,0.520390243902439,0.830336491706037,317
24.15686274509804,0.5297945642465229,0.7777777777777778,318
24.45098039215686,0.5306396016851781,0.7029594915666377,319
24.372549019607842,0.5325754263226935,0.779773029163932,320
24.431372549019606,0.5196136408436822,0.7071067811865476,321
24.15686274509804,0.5190270694389957,0.8029550685469661,322
24.07843137254902,0.5207153885743695,0.8391463916782737,323
24.372549019607842,0.518592769837677,0.5948118774794626,324
24.215686274509803,0.5188474316381293,0.772048646977956,325
24.352941176470587,0.5134293499416115,0.6851601597031488,326
24.294117647058822,0.5146274030733621,0.8362420100070908,327
24.41176470588235,0.5205539541295902,0.8486684247915055,328
24.686274509803923,0.521948508983145,0.7505683356701914,329
24.862745098039216,0.5173572228443449,0.8292279828967711,330
24.647058823529413,0.5197842854455383,0.8518518518518519,331
24.627450980392158,0.5151437371663244,0.8249579113843055,332
24.41176470588235,0.5193146614402225,0.7692307692307693,333
24.41176470588235,0.5209501606704051,0.7869910029407435,334
24.50980392156863,0.5157361707582847,0.7627700713964739,335
24.45098039215686,0.5309195967543644,0.8581163303210331,336
24.84313725490196,0.5310917190455849,0.772048646977956,337
25.07843137254902,0.5363138468865342,0.780398972571708,338
25.333333333333332,0.5380280018984338,0.8100925873009825,339
25.294117647058822,0.5413586765223513,0.8136762043449725,340
25.45098039215686,0.5388410104011887,0.7909115788387002,341
25.254901960784313,0.5378878281622912,0.7925939239012171,342
25.352941176470587,0.5386652542372882,0.6822422923379533,343
25.41176470588235,0.5372247885296059,0.8295150620062532,344
25.254901960784313,0.5435885336793677,0.8667190566019205,345
25.313725490196077,0.537967079178181,0.7443873683187767,346
24.88235294117647,0.5257595772787318,0.7833494518006403,347
24.58823529411765,0.5274248333123663,0.7559289460184545,348
24.686274509803923,0.5287327789499814,0.9237604307034012,349
24.88235294117647,0.5328072837632777,0.8081376242652525,350
25.098039215686274,0.5327288013451837,0.8680790595108567,351
25.176470588235293,0.5360406091370559,0.7857142857142857,352
25.294117647058822,0.5341363067199332,0.8100925873009825,353
25.352941176470587,0.5380155020412993,0.8013876853447538,354
25.392156862745097,0.5384660593593887,0.8571428571428571,355
25.470588235294116,0.5399188092016238,0.8587538611150073,356
25.529411764705884,0.5415377430089322,0.7692307692307693,357
25.49019607843137,0.534820946553896,0.8268688657895648,358
25.215686274509803,0.533778901734104,0.8153742483272113,359
25.07843137254902,0.5239630479260958,0.7624437362098716,360
24.862745098039216,0.5246277915632754,0.816496580927726,361
24.705882352941178,0.5181281351196901,0.7606087305741639,362
24.686274509803923,0.5201085927141865,0.7727272727272727,363
24.80392156862745,0.5213270142180095,0.7050239879106326,364
24.54901960784314,0.5157375559737816,0.8104432008587534,365
24.137254901960784,0.5079545454545454,0.8260869565217391,366
23.901960784313726,0.5050627784528149,0.7926290870042667,367
23.784313725490197,0.5028948981676997,0.7769677791040541,368
23.764705882352942,0.5009196811771919,0.7319250547113999,369
23.705882352941178,0.5054682159945317,0.8427009716003845,370
23.607843137254903,0.4986015941826318,0.7807200583588266,371
23.45098039215686,0.505874363327674,0.9,372
23.647058823529413,0.5008435259384226,0.7570332986102252,373
23.352941176470587,0.509649304835028,0.8453639444116163,374
23.313725490196077,0.49836494440810986,0.7570332986102252,375
22.96078431372549,0.49328045825071604,0.760638829255665,376
22.92156862745098,0.4992851015155848,0.8461141122266493,377
23.19607843137255,0.4995684074233923,0.7694837640638656,378
23.137254901960784,0.4998217722962857,0.8086937042208112,379
23.058823529411764,0.48822269807280516,0.6851601597031488,380
22.80392156862745,0.4828620715517888,0.75,381
22.666666666666668,0.4903993575235453,0.847579379526013,382
22.823529411764707,0.4840745192307692,0.6666666666666666,383
22.725490196078432,0.48849985350131847,0.7396002616336388,384
22.941176470588236,0.49472238288027764,0.8680790595108567,385
23.15686274509804,0.4934494673193205,0.8181818181818182,386
23.274509803921568,0.49834937135632507,0.8101627221513196,387
23.50980392156863,0.5063949114287668,0.8214285714285714,388
23.705882352941178,0.5035951327433629,0.7735267838285931,389
23.686274509803923,0.507547939616483,0.7161148740394329,390
23.823529411764707,0.503871719317481,0.7336739820667777,391
23.764705882352942,0.504186236471309,0.8,392
23.88235294117647,0.5053579960412259,0.8581163303210331,393
23.92156862745098,0.507815098104423,0.8362420100070908,394
24.11764705882353,0.5023580069714989,0.6708203932499369,395
23.862745098039216,0.5038514442916093,0.8743856497851875,396
23.705882352941178,0.5101641115688526,0.8136762043449725,397
23.84313725490196,0.5105341851298083,0.8573214099741123,398
23.84313725490196,0.5074853397723353,0.6880624620561867,399
23.666666666666668,0.5089414182939362,0.8268688657895648,400
23.686274509803923,0.5086040748898678,0.6556100681071858,401
23.705882352941178,0.5043626303468823,0.7715167498104595,402
23.215686274509803,0.5001435338022104,0.8006407690254357,403
23.313725490196077,0.5014464121921964,0.755742181606458,404
23.392156862745097,0.5040319753172989,0.7769677791040541,405
23.45098039215686,0.5029035192052054,0.7925939239012171,406
23.529411764705884,0.5023451172558628,0.7089490077940542,407
23.666666666666668,0.5032031411448646,0.8292279828967711,408
23.686274509803923,0.49954901824741554,0.7092993656151906,409
23.686274509803923,0.5023864721123688,0.7783117824941562,410
23.784313725490197,0.4999315349856224,0.816496580927726,411
23.862745098039216,0.5028023499223445,0.6805446536716203,412
23.92156862745098,0.5019180294770846,0.8461538461538461,413
23.941176470588236,0.5045153521974715,0.8852704127574261,414
24.07843137254902,0.5059931506849316,0.7944299095067362,415
24.15686274509804,0.5079657669519421,0.7385489458759964,416
24.235294117647058,0.5059594755661502,0.7142857142857143,417
24.137254901960784,0.504188272836059,0.7112867591590193,418
24.098039215686274,0.5010828370330266,0.7378647873726218,419
23.92156862745098,0.5051215103434424,0.8573214099741123,420
24.019607843137255,0.5115743785347889,0.8606629658238705,421
24.176470588235293,0.5118502290380402,0.8017837257372732,422
24.058823529411764,0.5119819939097048,0.7506518906054691,423
24.137254901960784,0.5098492860920149,0.7833494518006403,424
24.098039215686274,0.5072980426447837,0.7216878364870322,425
23.941176470588236,0.5126632897893895,0.7280252083092641,426
23.941176470588236,0.5094223257726307,0.7276068751089989,427
23.647058823529413,0.510786455488804,0.6735753140545634,428
23.725490196078432,0.5137700534759359,0.7935753932437074,429
23.941176470588236,0.5153361907313153,0.7506518906054691,430
23.80392156862745,0.5170272435897436,0.7994563370082249,431
23.941176470588236,0.5174403183023872,0.8432740427115678,432
24.11764705882353,0.5210351778399116,0.8518518518518519,433
24.313725490196077,0.5300709040263358,0.7698973538621048,434
24.49019607843137,0.5212953876349362,0.7378647873726218,435
24.352941176470587,0.5245173745173746,0.7675225788801975,436
24.470588235294116,0.5336846066992849,0.7937253933193772,437
24.745098039215687,0.543727161997564,0.8391463916782737,438
24.88235294117647,0.5371659415786203,0.7606087305741639,439
24.823529411764707,0.5391100990830205,0.7648661601319408,440
25.0,0.5360014961660744,0.7333333333333333,441
24.764705882352942,0.5344838406024475,0.8104432008587534,442
24.80392156862745,0.5372859510219112,0.8260869565217391,443
25.0,0.5360957642725599,0.7627700713964739,444
24.941176470588236,0.53637713437268,0.8132202844993978,445
24.725490196078432,0.5316859555833594,0.782608695652174,446
24.49019607843137,0.5205336804425643,0.7505553499465134,447
24.274509803921568,0.5270373191165271,0.8888888888888888,448
24.41176470588235,0.5286225402504472,0.808290376865476,449
24.41176470588235,0.533068783068783,0.7041868508280461,450
24.58823529411765,0.5431255337318531,0.8814825547070535,451
24.862745098039216,0.5406516536785911,0.8512565307587486,452
24.92156862745098,0.5436253667884304,0.7857142857142857,453
25.294117647058822,0.5563692098092643,0.7985957062499248,454
25.725490196078432,0.5527975007100255,0.816496580927726,455
25.941176470588236,0.5594037459824892,0.8970852271450606,456
26.254901960784313,0.5592377796188898,0.6735753140545634,457
26.294117647058822,0.5632228218966847,0.8981462390204986,458
26.176470588235293,0.5570115724982981,0.7112867591590193,459
25.88235294117647,0.5552954610334,0.7844645405527362,460
25.96078431372549,0.5568667692833932,0.7181848464596079,461
25.725490196078432,0.5591660512412657,0.8838834764831844,462
25.88235294117647,0.5607349438584552,0.731310340973526,463
25.88235294117647,0.5609479532826851,0.8497058314499201,464
25.941176470588236,0.5635838150289018,0.8170594879790282,465
26.137254901960784,0.5610993421786152,0.8541985556144386,466
26.11764705882353,0.5597477256237093,0.816496580927726,467
26.07843137254902,0.5558246958089229,0.816496580927726,468
26.019607843137255,0.5554421768707483,0.8101627221513196,469
25.84313725490196,0.5530563186813187,0.7692307692307693,470
25.745098039215687,0.5519175729822553,0.772048646977956,471
25.647058823529413,0.5537820957668286,0.8376105968386142,472
25.764705882352942,0.5613671962407697,0.8454027929649518,473
26.098039215686274,0.5700661521499448,0.8928571428571429,474
26.254901960784313,0.5699867637326274,0.8006407690254357,475
26.19607843137255,0.5632073878033673,0.7745966692414834,476
26.07843137254902,0.5656857301499167,0.7856742013183862,477
26.07843137254902,0.5599639314697926,0.7756717518813397,478
25.96078431372549,0.5605214152700186,0.8573214099741123,479
25.941176470588236,0.555745846891591,0.8086937042208112,480
25.666666666666668,0.5502221702525725,0.8680790595108567,481
25.333333333333332,0.5517525773195876,0.8505172717997146,482
25.254901960784313,0.544928235436015,0.9013878188659974,483
25.15686274509804,0.5539250353606789,0.8621054497285195,484
25.41176470588235,0.5586618317931922,0.7505683356701914,485
25.470588235294116,0.5583941605839416,0.8268688657895648,486
25.45098039215686,0.5648881239242685,0.8624575450871764,487
25.666666666666668,0.5628230159641667,0.8571428571428571,488
25.862745098039216,0.5693174213696186,0.8486684247915055,489
26.07843137254902,0.5686845494763958,0.76,490
26.352941176470587,0.5751203852327448,0.7947194142390263,491
26.686274509803923,0.5710130877363063,0.8846153846153846,492
26.725490196078432,0.5741588586030665,0.8006407690254357,493
26.745098039215687,0.5708853301912056,0.7777777777777778,494
26.764705882352942,0.569866538028622,0.7715167498104595,495
26.627450980392158,0.5639960651437316,0.8340576562282991,496
26.54901960784314,0.5663735908085658,0.8852704127574261,497
26.627450980392158,0.566761592606523,0.8541985556144386,498
26.529411764705884,0.5572838267268774,0.7606087305741639,499
26.235294117647058,0.5581006520648721,0.7463904912524668,500
26.333333333333332,0.5589990056347365,0.8236877675803729,501
26.372549019607842,0.556818818258191,0.8131249357707345,502
26.235294117647058,0.5601018769724821,0.830336491706037,503
26.294117647058822,0.5547449351815478,0.8757605390397141,504
26.098039215686274,0.5542736985678564,0.7506518906054691,505
25.784313725490197,0.5535208826757553,0.9092412093166349,506
25.647058823529413,0.54675623121796,0.8828295892956408,507
25.50980392156863,0.5467664350614645,0.6172133998483676,508
25.431372549019606,0.5492170673496711,0.6969627833961297,509
25.745098039215687,0.5516806240679133,0.9021342216356465,510
25.764705882352942,0.5472005587242463,0.7661308776828738,511
25.627450980392158,0.5463033648482001,0.8610567718228918,512
25.666666666666668,0.5505097312326228,0.9063269671749657,513
25.666666666666668,0.5523107292150488,0.7925939239012171,514
25.666666666666668,0.5531065602221451,0.8934271123648291,515
25.764705882352942,0.5553713338288263,0.808290376865476,516
25.88235294117647,0.556688764235934,0.9164397149578765,517
25.92156862745098,0.5502529898804048,0.8249579113843054,518
25.823529411764707,0.5503355704697986,0.8728715609439696,519
25.823529411764707,0.5466109078236626,0.7248824356090754,520
25.58823529411765,0.5417804154302671,0.802572353905128,521
25.431372549019606,0.5442299842556417,0.8333333333333334,522
25.705882352941178,0.5567448182127082,0.9181561700975341,523
26.019607843137255,0.5569149848493511,0.7443873683187767,524
25.862745098039216,0.5612336785231877,0.8525735865191388,525
26.11764705882353,0.5617476593847526,0.8524367141602663,526
26.176470588235293,0.5573853989813243,0.7559289460184544,527
26.098039215686274,0.5607928047968022,0.8629109946080097,528
26.19607843137255,0.5596140977024314,0.7060180864974626,529
26.333333333333332,0.5661967266245341,0.7961621941231025,530
26.607843137254903,0.5681047018904508,0.8934271123648291,531
26.647058823529413,0.5656576596090324,0.7089490077940542,532
26.647058823529413,0.5715957446808511,0.8666666666666667,533
26.862745098039216,0.5750474984167194,0.857690027870236,534
26.862745098039216,0.568569746909947,0.7235680511449364,535
26.862745098039216,0.5764165074118073,0.8488746876271654,536
27.15686274509804,0.5719838226797626,0.8908708063747479,537
26.980392156862745,0.5696623870660961,0.76,538
26.823529411764707,0.5730107075372665,0.9090909090909091,539
27.03921568627451,0.5717609730301427,0.6370220572706061,540
26.901960784313726,0.5792440146853508,0.8255008255012383,541
27.07843137254902,0.5738191061215844,0.8374357893586237,542
26.647058823529413,0.5670019467878001,0.794996299293326,543
26.372549019607842,0.5580026899798252,0.7272727272727273,544
26.15686274509804,0.5583370337477798,0.8101627221513196,545
26.313725490196077,0.5617090319091401,0.8136762043449725,546
26.686274509803923,0.564206268958544,0.8740284488750757,547
26.901960784313726,0.5690489823538598,0.8773280079294956,548
27.098039215686274,0.5636555175138267,0.782608695652174,549
27.058823529411764,0.5660614305897127,0.8086937042208112,550
26.980392156862745,0.5646874182579127,0.7961621941231025,551
27.0,0.5643987341772152,0.7543422685124546,552
26.862745098039216,0.563769035532995,0.8422348876123157,553
26.980392156862745,0.5727006021925987,0.8714212528966687,554
27.19607843137255,0.5753110340607791,0.7741935483870968,555
27.254901960784313,0.5709801903781837,0.7559289460184545,556
27.254901960784313,0.5806111696522656,0.8128970193249391,557
27.568627450980394,0.5814395835418961,0.7925939239012171,558
27.470588235294116,0.5764507215228738,0.6851601597031488,559
27.294117647058822,0.5848747016706444,0.8366600265340756,560
27.745098039215687,0.5850734339094815,0.7050239879106326,561
27.529411764705884,0.5830532283148547,0.8146130799625568,562
27.50980392156863,0.5794718997225933,0.7825855808712296,563
27.254901960784313,0.5798921887713588,0.7027283689263065,564
27.294117647058822,0.5794861295936125,0.8236877675803729,565
27.15686274509804,0.5793199669284829,0.8629109946080097,566
27.098039215686274,0.5849923430321593,0.779773029163932,567
27.19607843137255,0.5811979005866008,0.84,568
27.098039215686274,0.5854320615291811,0.8571428571428571,569
27.49019607843137,0.5964138741916519,0.8714212528966687,570
27.725490196078432,0.6018599244405696,0.8603090020146066,571
27.862745098039216,0.6065620952655059,0.967741935483871,572
27.88235294117647,0.601086743685138,0.7944299095067362,573
27.862745098039216,0.6055611294252544,0.8666666666666667,574
27.980392156862745,0.5975990630489947,0.816496580927726,575
27.725490196078432,0.5888273779567187,0.8101627221513196,576
27.372549019607842,0.5944152886424399,0.8696565534786727,577
27.45098039215686,0.5893722244650788,0.8504200642707612,578
27.333333333333332,0.5844753528328902,0.7280252083092641,579
27.058823529411764,0.5737210041309183,0.7419408268023742,580
26.647058823529413,0.5661266728070651,0.8132202844993978,581
26.45098039215686,0.5631668216884609,0.8058229640253802,582
26.235294117647058,0.5590402837036627,0.816496580927726,583
26.11764705882353,0.5582289055973266,0.7756717518813397,584
26.07843137254902,0.556444795130474,0.75,585
25.92156862745098,0.5550295857988166,0.8446530265013354,586
25.666666666666668,0.544640767610578,0.7572401854185358,587
25.431372549019606,0.5421919896792353,0.8463272660560105,588
25.254901960784313,0.5410386245878473,0.722185380728474,589
25.568627450980394,0.5421814957138634,0.629940788348712,590
25.294117647058822,0.5387688396586163,0.8207826816681233,591
25.11764705882353,0.5364058635458768,0.7675225788801975,592
25.15686274509804,0.5384476207707617,0.8206099398622182,593
25.07843137254902,0.540075990591641,0.8076923076923077,594
25.0,0.5341545352743561,0.7648661601319408,595
24.666666666666668,0.5335401799565622,0.8236877675803729,596
24.725490196078432,0.5335065899387414,0.8101627221513196,597
24.823529411764707,0.536442078208188,0.7126966450997984,598
24.823529411764707,0.5356880958200929,0.7666518779999278,599
25.019607843137255,0.5456466858451242,0.8366600265340756,600
25.50980392156863,0.5421452553454674,0.7627700713964739,601
25.352941176470587,0.5437881873727087,0.7745966692414834,602
25.686274509803923,0.5463116393348951,0.8292279828967711,603
25.607843137254903,0.5395708553817526,0.7994563370082249,604
25.54901960784314,0.5452975710832278,0.8255008255012383,605
25.764705882352942,0.546370850952905,0.8215838362577491,606
25.50980392156863,0.5429173249078463,0.7624437362098716,607
25.529411764705884,0.544817108799813,0.7112867591590193,608
25.470588235294116,0.545993031358885,0.7092993656151906,609
25.470588235294116,0.5391417888301976,0.8512565307587486,610
25.392156862745097,0.5414080510728853,0.8190283593479221,611
25.352941176470587,0.5456952862943565,0.7923547734168841,612
25.41176470588235,0.5500688231245698,0.9005004170528446,613
25.80392156862745,0.5545495444831853,0.8740284488750757,614
25.84313725490196,0.5522157334249399,0.8573214099741123,615
25.705882352941178,0.5562123451176537,0.7572401854185358,616
25.92156862745098,0.5654883361826504,0.8170594879790282,617
26.11764705882353,0.5609905058020099,0.769800358919501,618
26.098039215686274,0.558017294975414,0.7694837640638656,619
25.725490196078432,0.5492435391770177,0.8258966419340223,620
25.294117647058822,0.5455531453362256,0.8902638145194516,621
25.0,0.5411779006868048,0.755742181606458,622
24.88235294117647,0.5393485861497884,0.7909115788387002,623
24.764705882352942,0.5364923076923077,0.6574382586514257,624
24.88235294117647,0.5381963346035202,0.8260869565217391,625
24.96078431372549,0.5415554369104822,0.8249579113843055,626
25.372549019607842,0.538438741034912,0.7368421052631579,627
25.294117647058822,0.5402625044341965,0.7769677791040541,628
25.372549019607842,0.5445277712678697,0.8076923076923077,629
25.50980392156863,0.5460901992774735,0.8179128813519698,630
25.333333333333332,0.534335930422178,0.7756717518813397,631
25.098039215686274,0.5300209591912218,0.6666666666666666,632
24.705882352941178,0.5215986825437041,0.917463421851129,633
24.529411764705884,0.526778527645347,0.7541997111515459,634
24.784313725490197,0.5248266816563613,0.7398300378117159,635
24.666666666666668,0.5221830098311067,0.7443873683187767,636
24.607843137254903,0.5273567467652496,0.9492889050691345,637
24.647058823529413,0.5213853141559425,0.8728715609439694,638
24.647058823529413,0.5198235108729908,0.75,639
24.45098039215686,0.5109024037830028,0.6470588235294118,640
24.07843137254902,0.511328125,0.6793662204867574,641
24.274509803921568,0.5076470588235295,0.9258200997725514,642
23.92156862745098,0.5011450895864206,0.7205766921228921,643
23.784313725490197,0.49835426882514944,0.8101627221513196,644
23.88235294117647,0.49669410335987046,0.7024393586862705,645
23.784313725490197,0.5107628275996619,0.8685990362153793,646
24.019607843137255,0.5087788518445453,0.8888888888888888,647
24.137254901960784,0.508277493102089,0.7222222222222222,648
23.96078431372549,0.5062363888338943,0.8006407690254357,649
23.980392156862745,0.507245409015025,0.7768985960673559,650
23.84313725490196,0.5066542454085706,0.6846531968814576,651
23.80392156862745,0.506266162721305,0.8422348876123157,652
23.92156862745098,0.5145593120969318,0.7252406676228422,653
24.313725490196077,0.5264943556844118,0.8798826901281198,654
24.764705882352942,0.5253090595977612,0.8146130799625568,655
24.686274509803923,0.5131553554197491,0.8049844718999243,656
24.313725490196077,0.5158008520378966,0.8928571428571429,657
24.470588235294116,0.5196078431372549,0.8362420100070908,658
24.529411764705884,0.5194115765909818,0.8432740427115678,659
24.215686274509803,0.5108981092436975,0.7526178090063816,660
23.96078431372549,0.5071438109226866,0.7385489458759964,661
23.92156862745098,0.5113703776942852,0.8275159265510557,662
23.980392156862745,0.5125757176718462,0.7833494518006403,663
23.980392156862745,0.5110589156390684,0.8214285714285714,664
23.92156862745098,0.5043501539285237,0.8365019125713041,665
23.745098039215687,0.5033638320775027,0.8365019125713041,666
23.96078431372549,0.5126705653021443,0.857690027870236,667
24.19607843137255,0.5122142903922982,0.8852704127574261,668
24.07843137254902,0.5113053766267911,0.9265616458263765,669
24.254901960784313,0.5111184427581656,0.8346223261119858,670
24.03921568627451,0.5099960280683172,0.8235321051453478,671
24.03921568627451,0.5129462534327187,0.8422348876123157,672
24.176470588235293,0.5103924563384022,0.8463272660560105,673
24.07843137254902,0.5152284263959391,0.9092412093166349,674
24.215686274509803,0.5175359130322247,0.7548513560963972,675
24.392156862745097,0.5234796975281184,0.8249579113843054,676
24.431372549019606,0.5200257566001287,0.7280252083092641,677
24.431372549019606,0.5256434341536728,0.8315218406202999,678
24.784313725490197,0.5273597811217511,0.8001976040538967,679
24.784313725490197,0.5302667893284269,0.8219529433756427,680
24.96078431372549,0.5257712683078841,0.8421052631578947,681
24.764705882352942,0.5238005644402635,0.8757605390397141,682
24.666666666666668,0.5220338983050847,0.8028965419920907,683
24.784313725490197,0.5274806800618238,0.8641264122753544,684
25.03921568627451,0.5330366938924783,0.7926290870042667,685
25.03921568627451,0.5329930508578808,0.84,686
24.901960784313726,0.52691485347755,0.778498944161523,687
24.647058823529413,0.5265228426395939,0.8497058314499201,688
24.431372549019606,0.5167369530838165,0.8181818181818182,689
24.098039215686274,0.5134741442097597,0.8728715609439694,690
24.137254901960784,0.5188117516194465,0.9092412093166349,691
24.215686274509803,0.5162539216340698,0.7570332986102252,692
24.019607843137255,0.5176517255057517,0.8258966419340223,693
24.15686274509804,0.5217644772638943,0.8001322641986387,694
24.19607843137255,0.5199479336153596,0.8432740427115678,695
24.215686274509803,0.5210815765352887,0.7855844048495726,696
24.294117647058822,0.5297675297675297,0.8033264176742436,697
24.58823529411765,0.5260916544842051,0.7083333333333334,698
24.58823529411765,0.5266709102482495,0.867227382716513,699
24.41176470588235,0.5237819025522041,0.7572401854185358,700
24.274509803921568,0.5224104234527688,0.8249579113843054,701
24.19607843137255,0.5212667895707137,0.8463272660560105,702
24.098039215686274,0.5202855998932336,0.8520128672302585,703
23.725490196078432,0.5111232801697584,0.8629109946080097,704
23.54901960784314,0.5115975844084546,0.8081376242652525,705
23.647058823529413,0.5088639028764572,0.8783100656536799,706
23.607843137254903,0.5095431681940329,0.8780541105074453,707
23.49019607843137,0.5063014856016335,0.7150969419341943,708
23.313725490196077,0.5054991539763113,0.7606087305741639,709
23.215686274509803,0.4985150307859471,0.7619047619047619,710
23.098039215686274,0.5012864493996569,0.7923547734168841,711
23.03921568627451,0.495398773006135,0.7833494518006403,712
22.862745098039216,0.4872307350655119,0.7881104062391007,713
22.705882352941178,0.4835766423357664,0.7960979398444399,714
22.568627450980394,0.48499161968611915,0.7233393492970543,715
22.431372549019606,0.48986486486486486,0.8888888888888888,716
22.647058823529413,0.4914259927797834,0.8421052631578947,717
22.686274509803923,0.4926957831325301,0.77005354108682,718
22.41176470588235,0.4885420631899505,0.7937253933193772,719
22.431372549019606,0.4966828836797877,0.778498944161523,720
22.80392156862745,0.5005783689994217,0.7205766921228921,721
23.03921568627451,0.5096508954079855,0.8081376242652525,722
23.274509803921568,0.5065132435953105,0.6481812160876687,723
22.92156862745098,0.5083619210977701,0.8006407690254357,724
23.058823529411764,0.5049547920433997,0.8885233166386385,725
22.901960784313726,0.5107611174458381,0.8219529433756427,726
23.15686274509804,0.5188359715213935,0.8629109946080097,727
23.49019607843137,0.5242835192731645,0.8365019125713041,728
23.80392156862745,0.5337100545596258,0.7604312428023119,729
24.294117647058822,0.5388861013547416,0.8667190566019205,730
24.431372549019606,0.5284203569068077,0.7130240959073808,731
23.80392156862745,0.5245298446443173,0.8134892168199607,732
23.647058823529413,0.5279126213592233,0.753778361444409,733
23.58823529411765,0.5180582257621532,0.8178608201095308,734
23.58823529411765,0.5270484232748384,0.8136762043449725,735
23.88235294117647,0.5225279106858054,0.769800358919501,736
23.784313725490197,0.515992634522267,0.7319250547113999,737
23.666666666666668,0.5189079878665318,0.7727272727272727,738
23.666666666666668,0.5161779924111762,0.8040302522073697,739
23.470588235294116,0.5151306265940581,0.8229511997978235,740
23.49019607843137,0.5197234648230988,0.7703288865196432,741
23.529411764705884,0.51634896340615,0.7409585736349483,742
23.372549019607842,0.5175698998964446,0.7960979398444399,743
23.372549019607842,0.5155762159161867,0.8235321051453478,744
23.45098039215686,0.5190453395336114,0.8406728074767075,745
23.627450980392158,0.5201531640467554,0.7398300378117159,746
23.784313725490197,0.5333333333333333,0.8572508572512859,747
24.137254901960784,0.5338355630601377,0.8486684247915055,748
24.19607843137255,0.5348896870189841,0.84,749
24.176470588235293,0.5315280464216634,0.6919391886927683,750
24.392156862745097,0.538061850507074,0.8852704127574261,751
24.901960784313726,0.5411906193625977,0.7692307692307693,752
25.15686274509804,0.5359166514348382,0.7856742013183862,753
25.07843137254902,0.5459210759157671,0.8750750267954219,754
25.333333333333332,0.5420198595301525,0.8101627221513196,755
25.07843137254902,0.5452267303102625,0.8784104611578831,756
25.41176470588235,0.551268682655544,0.7548513560963972,757
25.647058823529413,0.5472461727960585,0.8190283593479221,758
25.470588235294116,0.5454221165279429,0.7443873683187767,759
25.274509803921568,0.5401894123360855,0.8029550685469661,760
25.03921568627451,0.5389923664122137,0.7727272727272727,761
25.0,0.5380113356333169,0.8010018789148142,762
24.666666666666668,0.527135231316726,0.8703882797784892,763
24.58823529411765,0.5337022758363388,0.7944299095067362,764
24.666666666666668,0.5243146526934629,0.901127113779166,765
24.58823529411765,0.5303474518121141,0.7756717518813397,766
24.764705882352942,0.5327500154045227,0.8028965419920907,767
24.764705882352942,0.5280362081971335,0.9058216273156766,768
24.666666666666668,0.5252044892524254,0.7336739820667777,769
24.607843137254903,0.5315918869084204,0.8534918135881966,770
25.03921568627451,0.5306647080426,0.8292279828967711,771
24.941176470588236,0.5245082734935997,0.7126966450997984,772
24.705882352941178,0.5235316265060241,0.7844645405527362,773
24.84313725490196,0.5267091399166871,0.7602631123499285,774
24.941176470588236,0.5228555479749426,0.920736884379251,775
24.88235294117647,0.5242809114680612,0.8573214099741123,776
24.823529411764707,0.5224348917477252,0.8101627221513196,777
24.705882352941178,0.5213707399736396,0.7675225788801975,778
24.80392156862745,0.5254612546125461,0.8365019125713041,779
24.941176470588236,0.5220716239741358,0.6527533657682196,780
24.88235294117647,0.5251283932501835,0.9071147352221454,781
25.137254901960784,0.5261633170378418,0.88,782
25.215686274509803,0.5232072617246596,0.7572401854185358,783
25.235294117647058,0.5238987249984893,0.7443873683187767,784
25.215686274509803,0.52329360780065,0.8268688657895648,785
25.254901960784313,0.5227626692224752,0.8541985556144386,786
25.294117647058822,0.5225631768953068,0.7624437362098716,787
25.333333333333332,0.5242962166039089,0.7272727272727273,788
25.45098039215686,0.5255292652552926,0.7150969419341943,789
25.45098039215686,0.5218487394957984,0.7139328934618736,790
25.274509803921568,0.5219197880284234,0.7060180864974626,791
25.352941176470587,0.5242460082791248,0.8236877675803729,792
25.607843137254903,0.5301664355062413,0.7783117824941562,793
25.784313725490197,0.5356592245760292,0.9092412093166349,794
25.980392156862745,0.5409006577837747,0.7463904912524668,795
25.96078431372549,0.530061561475174,0.7783117824941562,796
25.745098039215687,0.524157697707066,0.769800358919501,797
25.686274509803923,0.5259376095338241,0.7916666666666666,798
25.666666666666668,0.5228408279800143,0.6851601597031488,799
25.50980392156863,0.525924162152509,0.8819171036881969,800
25.274509803921568,0.5228540252182348,0.8461538461538461,801
25.235294117647058,0.5210927336926222,0.6744532734334624,802
24.901960784313726,0.5237149242612367,0.8268688657895648,803
24.84313725490196,0.5180456355476898,0.7715167498104595,804
24.647058823529413,0.5233360263501337,0.830336491706037,805
24.88235294117647,0.5331211338658339,0.915810939779251,806
25.176470588235293,0.5342762563948239,0.8524367141602663,807
25.313725490196077,0.5388401328273245,0.889108448948774,808
25.333333333333332,0.5429340196537201,0.8197822947299412,809
25.49019607843137,0.5465881537928645,0.8128970193249391,810
25.686274509803923,0.5447857059441784,0.8783100656536799,811
25.666666666666668,0.5507482840103523,0.8255008255012383,812
26.0,0.5480388215700913,0.7894736842105263,813
25.607843137254903,0.5435876433419143,0.8292279828967711,814
25.686274509803923,0.5455016404766017,0.6546536707079772,815
25.745098039215687,0.5485265673000341,0.7985957062499248,816
25.88235294117647,0.5486740804106074,0.8017837257372732,817
25.92156862745098,0.5541035317974426,0.8541985556144386,818
25.941176470588236,0.5560752930568079,0.7147416898918633,819
25.92156862745098,0.5557374273296833,0.8616404368553291,820
26.03921568627451,0.5605346347956297,0.8518518518518519,821
26.019607843137255,0.5538119150878795,0.7675225788801975,822
25.96078431372549,0.5600980282945305,0.808290376865476,823
26.15686274509804,0.5579387029406785,0.7592566023652966,824
25.862745098039216,0.5537612780874662,0.7398300378117159,825
25.607843137254903,0.5490702176336012,0.8573214099741123,826
25.352941176470587,0.5447316103379721,0.8017837257372732,827
25.15686274509804,0.5437273823884198,0.7272727272727273,828
25.19607843137255,0.5426917510853835,0.7150969419341943,829
25.058823529411764,0.5421555582436192,0.7925939239012171,830
25.11764705882353,0.5449344457687724,0.802572353905128,831
25.176470588235293,0.5420769649006223,0.8467803948114511,832
25.176470588235293,0.546128064914447,0.8767140075192094,833
25.372549019607842,0.5420272673384706,0.8249579113843054,834
25.372549019607842,0.5420694593626925,0.7252406676228422,835
25.41176470588235,0.5496130696474635,0.8525735865191388,836
25.862745098039216,0.5547010945832164,0.8071417672951359,837
26.058823529411764,0.555180560242997,0.8528028654224417,838
25.980392156862745,0.5541804494125698,0.7391304347826086,839
25.84313725490196,0.5519488007380073,0.7833494518006403,840
25.784313725490197,0.5524711074975318,0.8029550685469661,841
25.54901960784314,0.5450431424606287,0.7514691493021795,842
24.96078431372549,0.5410921125206839,0.7925939239012171,843
24.941176470588236,0.5498748659277798,0.8671485497545911,844
25.372549019607842,0.5580955654864215,0.7994563370082249,845
25.745098039215687,0.5646124380351509,0.7862158588810496,846
25.88235294117647,0.5616934570975776,0.8006407690254357,847
25.666666666666668,0.5516839529192402,0.9135468796041984,848
25.470588235294116,0.5509667620772242,0.8728715609439694,849
25.529411764705884,0.5617006764053885,0.8387096774193549,850
25.84313725490196,0.5770727488920117,0.9062378100287981,851
26.313725490196077,0.5732763286069921,0.8146130799625568,852
26.352941176470587,0.5729318439371863,0.8666666666666667,853
26.392156862745097,0.5683472780615016,0.8457800632220621,854
26.392156862745097,0.570477427736278,0.8453639444116163,855
26.49019607843137,0.5740464521627957,0.7566444492037343,856
26.607843137254903,0.5691360025936132,0.7624437362098716,857
26.313725490196077,0.5579791409666929,0.5669467095138409,858
26.019607843137255,0.5549729364005412,0.6668313367115806,859
25.96078431372549,0.5523820470087926,0.7071067811865476,860
25.607843137254903,0.547227191413238,0.6454972243679028,861
25.235294117647058,0.5491158554615885,0.84,862
25.294117647058822,0.5512203812577944,0.755742181606458,863
25.215686274509803,0.5496950125583064,0.8858795678282981,864
25.03921568627451,0.5440773863843767,0.7506518906054691,865
24.96078431372549,0.5448972232239452,0.8315218406202999,866
25.098039215686274,0.5497502203937702,0.8924133096001623,867
25.392156862745097,0.5530074314909429,0.8214285714285714,868
25.50980392156863,0.558214894826606,0.8534859274986486,869
25.823529411764707,0.554863768778203,0.7391304347826086,870
25.92156862745098,0.557398246008545,0.802572353905128,871
26.0,0.5688243641523851,0.8624575450871764,872
26.470588235294116,0.5757785836177475,0.830336491706037,873
26.50980392156863,0.5665243101182654,0.816496580927726,874
26.294117647058822,0.5644402634054563,0.8573214099741123,875
26.15686274509804,0.5611906124785346,0.7412493166611012,876
25.705882352941178,0.5675812721843484,0.9291641968594222,877
25.88235294117647,0.5692152239811384,0.8376105968386142,878
25.666666666666668,0.5568695652173913,0.7427813527082074,879
25.607843137254903,0.5603754149021403,0.9035253315161441,880
25.784313725490197,0.5596514361061744,0.7795794428691073,881
25.745098039215687,0.5616501233576223,0.8477912478906585,882
25.725490196078432,0.5646458923512748,0.7171087882915773,883
25.941176470588236,0.5636991340766314,0.8374357893586237,884
25.823529411764707,0.5674726989079563,0.8123623944599232,885
26.11764705882353,0.5682848612186221,0.8461538461538461,886
26.215686274509803,0.5673766631988173,0.9092412093166349,887
26.372549019607842,0.5714052820345614,0.8235321051453478,888
26.333333333333332,0.5750793565395169,0.8299275201966066,889
26.41176470588235,0.5742884969159182,0.9181561700975341,890
26.352941176470587,0.571583749728438,0.8432740427115678,891
26.568627450980394,0.5755711304906105,0.8001976040538967,892
26.50980392156863,0.5764952442366597,0.8170594879790282,893
26.49019607843137,0.5801253357206804,0.8533103351879245,894
26.84313725490196,0.5810846077561459,0.8132500607904443,895
26.84313725490196,0.5813565507533497,0.8520128672302585,896
26.92156862745098,0.5826362550007793,0.8710327732246504,897
27.019607843137255,0.5828783352220047,0.8467803948114511,898
27.352941176470587,0.5904033379694019,0.8693182879212227,899
27.568627450980394,0.5874421412759107,0.8076923076923077,900
27.333333333333332,0.5772590204845586,0.9047619047619048,901
26.764705882352942,0.5710218285352736,0.8860760232362958,902
26.764705882352942,0.5618924173687622,0.7727272727272727,903
26.352941176470587,0.5607599802317281,0.8665782448262421,904
26.294117647058822,0.5637902785363189,0.8365019125713041,905
26.352941176470587,0.5592236230922363,0.8446530265013354,906
26.274509803921568,0.5606965174129354,0.7661308776828738,907
26.176470588235293,0.5565110565110565,0.7844645405527362,908
26.137254901960784,0.5563103525713002,0.8362420100070908,909
25.96078431372549,0.5498195786287976,0.7092081432669752,910
25.529411764705884,0.550028918449971,0.7777777777777778,911
25.41176470588235,0.5385999640093576,0.7398300378117159,912
24.96078431372549,0.5238004930779443,0.6851601597031488,913
24.49019607843137,0.5277760262311622,0.8882347881956881,914
24.647058823529413,0.5350952673632452,0.8422348876123157,915
24.941176470588236,0.5320880340299612,0.7319250547113999,916
24.784313725490197,0.530104953047321,0.8376105968386142,917
25.03921568627451,0.5361066090401585,0.7944299095067362,918
25.176470588235293,0.5380356283100626,0.830336491706037,919
25.15686274509804,0.5365705982077985,0.8406728074767075,920
25.098039215686274,0.534412213740458,0.7825855808712296,921
25.098039215686274,0.5366088053336536,0.7559289460184545,922
25.15686274509804,0.5342936354869817,0.7925939239012171,923
25.176470588235293,0.5407557034220533,0.847579379526013,924
25.176470588235293,0.5291840747112313,0.782608695652174,925
24.980392156862745,0.5308921682689364,0.7302967433402214,926
24.980392156862745,0.5280310497782159,0.7661308776828738,927
24.88235294117647,0.5241859589685677,0.7,928
24.50980392156863,0.521012087430325,0.8581278705797845,929
24.80392156862745,0.52933665714112,0.7668115805072325,930
25.19607843137255,0.5346499315924097,0.9185586535436917,931
25.372549019607842,0.5399159663865546,0.8453639444116163,932
25.607843137254903,0.5398657401955012,0.755742181606458,933
25.352941176470587,0.5351497005988024,0.9229582069908973,934
25.274509803921568,0.5380986937590712,0.6668313367115806,935
25.254901960784313,0.5397100065636374,0.7759402897989853,936
25.50980392156863,0.5402032447851667,0.7426106572325057,937
25.313725490196077,0.5363521558722714,0.8006407690254357,938
25.235294117647058,0.5439589598443304,0.8332380897952963,939
25.41176470588235,0.5362538680905284,0.7378647873726218,940
25.137254901960784,0.5341838603345135,0.8247860988423226,941
24.96078431372549,0.5246602918973327,0.7222222222222222,942
24.627450980392158,0.5327691642473285,0.8814825547070535,943
24.901960784313726,0.5424143070044709,0.7683760704982201,944
25.372549019607842,0.5466479957990548,0.808290376865476,945
25.392156862745097,0.5433895297249335,0.7161148740394329,946
25.529411764705884,0.5466543181291966,0.8260869565217391,947
25.54901960784314,0.545232131414924,0.7937253933193772,948
25.607843137254903,0.5474540351681081,0.9191450300180578,949
25.84313725490196,0.5526448362720403,0.9181561700975341,950
26.098039215686274,0.5526271800300886,0.8524367141602663,951
26.235294117647058,0.5589899869394863,0.8387096774193549,952
26.470588235294116,0.5611451718852638,0.7463904912524668,953
26.41176470588235,0.5616288603443563,0.7935753932437074,954
26.254901960784313,0.5551737515934158,0.7835467939002064,955
26.254901960784313,0.5606898795964855,0.8853648783083364,956
26.529411764705884,0.5616765168356558,0.9035253315161441,957
26.41176470588235,0.5563001938521185,0.7272727272727273,958
26.431372549019606,0.5665619843508809,0.8351913809763262,959
26.745098039215687,0.5575598556903902,0.7777777777777778,960
26.568627450980394,0.5578519121236778,0.8104432008587534,961
26.470588235294116,0.5577289816378793,0.891337623249849,962
26.333333333333332,0.5574447012215252,0.7925939239012171,963
26.15686274509804,0.5489426151343467,0.7668115805072325,964
25.941176470588236,0.5455777702473738,0.8071417672951359,965
26.07843137254902,0.5435177820702193,0.8488746876271654,966
25.980392156862745,0.5481705270224908,0.7542472332656507,967
26.0,0.5462962962962963,0.8071417672951359,968
25.92156862745098,0.5401729106628242,0.7795794428691073,969
25.647058823529413,0.538839156800462,0.8667190566019205,970
25.58823529411765,0.5378423765128264,0.8642416214502248,971
25.50980392156863,0.5321445330830596,0.6240377207533828,972
25.392156862745097,0.53094366363529,0.8406728074767075,973
25.313725490196077,0.5322092263848484,0.7852070532987567,974
25.50980392156863,0.5395460797799174,0.7548513560963972,975
25.80392156862745,0.5400790695009454,0.731310340973526,976
25.725490196078432,0.5451263537906137,0.772048646977956,977
25.725490196078432,0.5412100722779203,0.7275328372685519,978
25.666666666666668,0.544953496383052,0.7756717518813397,979
25.686274509803923,0.5413546926693366,0.8461538461538461,980
25.607843137254903,0.542664496628691,0.7275328372685519,981
25.647058823529413,0.5404534536293866,0.6513389472789296,982
25.58823529411765,0.5400419043184728,0.7675225788801975,983
25.784313725490197,0.5437574927213564,0.808290376865476,984
25.901960784313726,0.547565246864761,0.8071417672951359,985
26.07843137254902,0.5475790181573639,0.7703288865196432,986
26.137254901960784,0.5449960775523927,0.8587538611150073,987
26.098039215686274,0.5413508315420297,0.8467803948114511,988
25.92156862745098,0.5364616360177552,0.7923547734168841,989
25.96078431372549,0.5415983258865449,0.875,990
26.058823529411764,0.5423076923076923,0.7844645405527362,991
26.019607843137255,0.5388666285060103,0.8333333333333334,992
25.862745098039216,0.536598117811084,0.8695652173913043,993
25.725490196078432,0.5306110388842926,0.5740378478819278,994
25.50980392156863,0.5325622775800711,0.7944299095067362,995
25.41176470588235,0.5337586390217969,0.7647748927656912,996
25.470588235294116,0.5355699982434569,0.7862158588810496,997
25.54901960784314,0.5404334653926823,0.8219529433756427,998
25.607843137254903,0.5396565821749796,0.9574271077563381,999
25.568627450980394,0.5456099367557404,0.8703882797784892,1000
25.96078431372549,0.5451759364358684,0.6668313367115806,1001
26.019607843137255,0.5526709935097354,0.857690027870236,1002
26.274509803921568,0.5622062557398304,0.8525735865191388,1003
26.568627450980394,0.5604756946347345,0.7008766440504625,1004
26.392156862745097,0.5727316116031183,0.731126155013931,1005
26.764705882352942,0.5708000214626817,0.7602631123499285,1006
26.705882352941178,0.5718508168529665,0.6666666666666666,1007
26.686274509803923,0.5773756602688144,0.8571428571428571,1008
26.92156862745098,0.5796033994334278,0.7882407813680822,1009
27.11764705882353,0.5741837429904093,0.6822422923379533,1010
26.980392156862745,0.5813408106041295,0.8299275201966066,1011
27.392156862745097,0.5874937965260546,0.8017837257372732,1012
27.686274509803923,0.5830943396226415,0.6847623832623259,1013
27.470588235294116,0.5770183770390254,0.7542472332656507,1014
26.980392156862745,0.5728201099764336,0.8669214468630108,1015
26.88235294117647,0.570843745015684,0.9139076937674137,1016
26.745098039215687,0.5704859993562923,0.85,1017
26.431372549019606,0.5617246512653692,0.7463904912524668,1018
26.07843137254902,0.5588563770381952,0.8071417672951359,1019
25.901960784313726,0.5494824979648797,0.8229511997978235,1020
25.607843137254903,0.5512768308998894,0.7175473098524098,1021
25.372549019607842,0.5428571428571428,0.7181848464596079,1022
25.019607843137255,0.5436253776435045,0.8573214099741123,1023
25.07843137254902,0.5430375136578851,0.7918075824648958,1024
25.098039215686274,0.546427934090774,0.8846153846153846,1025
25.098039215686274,0.5399595811133566,0.7492686492653552,1026
24.84313725490196,0.5397988327331429,0.7735267838285931,1027
24.823529411764707,0.5394065974568463,0.6998964726756152,1028
24.901960784313726,0.5394832605531296,0.8100925873009825,1029
25.176470588235293,0.5408593091828138,0.8374357893586237,1030
25.235294117647058,0.5426467947566889,0.8374357893586237,1031
25.11764705882353,0.5411990637940347,0.7647748927656912,1032
25.19607843137255,0.5441176470588235,0.8598551696529507,1033
25.49019607843137,0.5475537932240947,0.7756717518813397,1034
25.529411764705884,0.5479636683269851,0.8629109946080097,1035
25.470588235294116,0.5438158129573443,0.6508140266182866,1036
25.098039215686274,0.5316809541557957,0.8001976040538967,1037
24.862745098039216,0.5330052291602584,0.7756717518813397,1038
24.941176470588236,0.5329939785213235,0.7807200583588266,1039
24.901960784313726,0.5329190253507261,0.6668313367115806,1040
24.705882352941178,0.5235169898253024,0.7661308776828738,1041
24.49019607843137,0.5277199621570482,0.8467803948114511,1042
24.666666666666668,0.5286548980606663,0.7181324987175317,1043
24.862745098039216,0.5295971329708354,0.8528028654224417,1044
25.03921568627451,0.5340142257888018,0.7661308776828738,1045
25.11764705882353,0.5379861868411486,0.769800358919501,1046
25.176470588235293,0.5359616085530312,0.8006407690254357,1047
25.11764705882353,0.5362433701152228,0.808290376865476,1048
25.15686274509804,0.5405098133078028,0.9092412093166349,1049
25.254901960784313,0.5379789242858013,0.8178608201095308,1050
25.19607843137255,0.5401481838443467,0.8333333333333334,1051
25.313725490196077,0.5385166606950914,0.7606087305741639,1052
25.333333333333332,0.5332562526623258,0.7235680511449364,1053
25.235294117647058,0.5432777580702377,0.8824975032927699,1054
25.470588235294116,0.5419547638579632,0.8754275592730114,1055
25.607843137254903,0.5353697749196141,0.8001976040538967,1056
25.392156862745097,0.5329839146936562,0.7126966450997984,1057
25.333333333333332,0.5380319774276981,0.8754275592730114,1058
25.607843137254903,0.5414294015107496,0.8170594879790282,1059
25.647058823529413,0.5371964614379862,0.7715167498104595,1060
25.529411764705884,0.5380532029106525,0.8010018789148142,1061
25.41176470588235,0.5363198286632161,0.7307692307692307,1062
25.470588235294116,0.5374350495984884,0.7844645405527362,1063
25.49019607843137,0.5369175627240144,0.8086937042208112,1064
25.41176470588235,0.5478822434256458,0.7806708682974502,1065
25.764705882352942,0.548546511627907,0.7319250547113999,1066
25.647058823529413,0.5494937807347411,0.8011927448021526,1067
25.764705882352942,0.5510345225059075,0.8680790595108567,1068
25.784313725490197,0.5501264658542193,0.8206099398622182,1069
25.764705882352942,0.5532414029867826,0.8767140075192094,1070
25.88235294117647,0.5525082450963374,0.9100315103865801,1071
25.607843137254903,0.5439195257768996,0.7893522173763263,1072
25.372549019607842,0.5470671712393567,0.7855844048495726,1073
25.50980392156863,0.5473055994383008,0.8236877675803729,1074
25.50980392156863,0.5429031104755094,0.7916666666666666,1075
25.333333333333332,0.5446757882212968,0.8001322641986387,1076
25.352941176470587,0.539680597197577,0.8728715609439696,1077
24.980392156862745,0.5380394113245198,0.6308932681440448,1078
24.764705882352942,0.5387724643989802,0.8573214099741123,1079
24.784313725490197,0.5385712513952623,0.7396002616336388,1080
24.764705882352942,0.5354280625874571,0.7894736842105263,1081
24.470588235294116,0.5334934277047523,0.83753151271601,1082
24.647058823529413,0.5333796500978968,0.65,1083
24.45098039215686,0.5261816042361247,0.8111071056538127,1084
24.19607843137255,0.5252219791532621,0.7925939239012171,1085
24.372549019607842,0.5267439625904811,0.9565217391304348,1086
24.352941176470587,0.5286360451041601,0.6885303726590963,1087
24.254901960784313,0.5263461538461538,0.7349684152591671,1088
24.41176470588235,0.5310116293610104,0.8593378488473195,1089
24.686274509803923,0.5255529649001197,0.8174238913695991,1090
24.666666666666668,0.5277346419032238,0.7452413135250994,1091
24.80392156862745,0.5284090909090909,0.7526178090063816,1092
24.80392156862745,0.529270248596632,0.7126966450997984,1093
24.941176470588236,0.5330145300717307,0.8392543274162825,1094
24.980392156862745,0.5366880146386094,0.7826237921249264,1095
24.901960784313726,0.5315743403776416,0.7443873683187767,1096
24.705882352941178,0.5296863330843914,0.8340576562282991,1097
24.705882352941178,0.5238848465675419,0.7272727272727273,1098
24.49019607843137,0.5200715929429813,0.6708203932499369,1099
24.50980392156863,0.5245363946007316,0.7659416862050705,1100
24.627450980392158,0.5291162790697674,0.8773280079294956,1101
24.88235294117647,0.5319846910880263,0.7427813527082074,1102
25.03921568627451,0.5356106408706167,0.8620689655172413,1103
25.137254901960784,0.5358318098720293,0.8101627221513196,1104
24.980392156862745,0.5375183016105417,0.830336491706037,1105
25.058823529411764,0.5384475218658892,0.7248824356090754,1106
25.03921568627451,0.535963729935057,0.7979249985750353,1107
24.745098039215687,0.5282756879575865,0.7572401854185358,1108
24.54901960784314,0.5279605263157895,0.8660254037844387,1109
24.352941176470587,0.5254691689008043,0.8763560920082657,1110
24.235294117647058,0.5147214153683655,0.8260869565217391,1111
24.058823529411764,0.5165103685114252,0.6686478498357316,1112
23.941176470588236,0.5137912743667948,0.84,1113
23.88235294117647,0.5209849272349273,0.8263342440128466,1114
24.235294117647058,0.5241458293567475,0.8315218406202999,1115
24.50980392156863,0.5216127156425664,0.5892556509887896,1116
24.235294117647058,0.518171005682569,0.8651809126974003,1117
23.80392156862745,0.5112236517930469,0.8101627221513196,1118
23.568627450980394,0.5163054486530282,0.7730012058189372,1119
23.80392156862745,0.5181781321800243,0.6556100681071858,1120
23.80392156862745,0.5172974070814433,0.7960979398444399,1121
23.627450980392158,0.5177180025747001,0.8071417672951359,1122
23.666666666666668,0.5167213993700154,0.779773029163932,1123
24.0,0.5227876823338736,0.780398972571708,1124
24.392156862745097,0.5230275817831943,0.8340576562282991,1125
24.41176470588235,0.5152890116393766,0.7200822998230956,1126
24.137254901960784,0.5173499508035422,0.8249579113843054,1127
24.274509803921568,0.5239791375143111,0.7856742013183862,1128
24.50980392156863,0.5360257282454078,0.816496580927726,1129
24.84313725490196,0.5310623775516653,0.8134892168199607,1130
24.725490196078432,0.5402557856272838,0.7412493166611012,1131
25.0,0.5368086696562033,0.7570332986102252,1132
24.647058823529413,0.5333625987708516,0.8894991799933214,1133
24.725490196078432,0.5389987639060568,0.6910233190806425,1134
24.862745098039216,0.5359408033826638,0.746003846592251,1135
24.84313725490196,0.5438522107813446,0.761386987626881,1136
24.941176470588236,0.5350532809871004,0.7248824356090754,1137
24.862745098039216,0.5384474885844749,0.7935753932437074,1138
25.098039215686274,0.5395095367847411,0.8541985556144386,1139
25.07843137254902,0.5379335479560226,0.8680790595108567,1140
25.098039215686274,0.5346735521947621,0.7715167498104595,1141
24.92156862745098,0.5341584461736413,0.7862158588810496,1142
25.07843137254902,0.540530781729554,0.8406728074767075,1143
25.372549019607842,0.5409363745498199,0.6324555320336759,1144
25.313725490196077,0.5440506478906574,0.857690027870236,1145
25.254901960784313,0.5332594235033259,0.7863570994927848,1146
24.980392156862745,0.5332219747587231,0.7881104062391007,1147
